{"cameraMode":{"drawMode":0,"name":"Shaded","section":"Shading Mode"},"sceneLighting":true,"audioPlay":false,"sceneViewState":{"showFog":true,"showMaterialUpdate":false,"showSkybox":true,"showFlares":true,"showImageEffects":true,"showParticleSystems":true},"in2DMode":false,"pivot":{"x":0.10371461510658264,"y":2.7636547088623049,"z":-0.4875618517398834},"rotation":{"x":-0.27824530005455019,"y":-0.015276353806257248,"z":0.004434681963175535,"w":-0.9603906273841858},"size":25.664398193359376,"orthographic":true}